,Date,Confirmed,Deaths,Recovered
0,2020-01-01,20,0,20
1,2020-01-02,38,0,38
2,2020-01-03,59,1,58
3,2020-01-04,84,2,82
4,2020-01-05,106,2,104
5,2020-01-06,118,2,116
6,2020-01-07,129,2,127
7,2020-01-08,136,2,134
8,2020-01-09,144,2,142
9,2020-01-10,149,3,146
10,2020-01-11,157,3,154
11,2020-01-12,167,3,164
12,2020-01-13,175,3,172
13,2020-01-14,182,3,179
14,2020-01-15,190,3,187
15,2020-01-16,198,3,195
16,2020-01-17,205,4,201
17,2020-01-18,209,4,205
18,2020-01-19,218,4,214
19,2020-01-20,234,4,230
20,2020-01-21,239,4,235
21,2020-01-22,252,4,248
22,2020-01-23,258,4,254
23,2020-01-24,268,5,263
24,2020-01-25,274,5,269
25,2020-01-26,280,5,275
26,2020-01-27,294,5,289
27,2020-01-28,304,5,299
28,2020-01-29,317,5,312
29,2020-01-30,331,6,325
30,2020-01-31,348,6,342
31,2020-02-01,359,6,353
32,2020-02-02,373,6,367
33,2020-02-03,379,7,372
34,2020-02-04,384,7,377
35,2020-02-05,391,8,383
36,2020-02-06,393,8,385
37,2020-02-07,398,8,390
38,2020-02-08,401,8,393
39,2020-02-09,408,8,400
40,2020-02-10,424,8,416
41,2020-02-11,438,8,430
42,2020-02-12,446,8,438
43,2020-02-13,450,8,442
44,2020-02-14,459,9,450
45,2020-02-15,477,9,468
46,2020-02-16,492,9,483
47,2020-02-17,505,9,496
48,2020-02-18,522,10,512
49,2020-02-19,536,11,525
50,2020-02-20,569,14,555
51,2020-02-21,588,14,574
52,2020-02-22,617,14,603
53,2020-02-23,661,15,646
54,2020-02-24,731,15,716
55,2020-02-25,841,17,824
56,2020-02-26,1003,25,978
57,2020-02-27,1164,27,1137
58,2020-02-28,1386,31,1355
59,2020-02-29,1577,33,1544
60,2020-03-01,1813,37,1776
61,2020-03-02,2112,47,2065
62,2020-03-03,2424,58,2366
63,2020-03-04,2841,68,2773
64,2020-03-05,3297,77,3220
65,2020-03-06,3976,96,3880
66,2020-03-07,4796,118,4678
67,2020-03-08,5910,140,5770
68,2020-03-09,7690,166,7524
69,2020-03-10,9960,201,9759
70,2020-03-11,12800,249,12551
71,2020-03-12,15960,309,15651
72,2020-03-13,19885,388,19497
73,2020-03-14,23794,449,23345
74,2020-03-15,27851,546,27305
75,2020-03-16,33347,683,32664
76,2020-03-17,38292,811,37481
77,2020-03-18,43442,956,42486
78,2020-03-19,48038,1084,46954
79,2020-03-20,53244,1281,51963
80,2020-03-21,57482,1425,56057
81,2020-03-22,60902,1554,59348
82,2020-03-23,65862,1811,64051
83,2020-03-24,69910,2024,67886
84,2020-03-25,74477,2282,72195
85,2020-03-26,78740,2511,76229
86,2020-03-27,83180,2769,80411
87,2020-03-28,87132,3034,84098
88,2020-03-29,90159,3211,86948
89,2020-03-30,94521,3526,90995
90,2020-03-31,98486,3794,94692
91,2020-04-01,102942,4105,98837
92,2020-04-02,107177,4433,102744
93,2020-04-03,111545,4776,106769
94,2020-04-04,114808,5010,109798
95,2020-04-05,117454,5212,112242
96,2020-04-06,120961,5510,115451
97,2020-04-07,124407,5772,118635
98,2020-04-08,127866,6047,121819
99,2020-04-09,131154,6300,124854
100,2020-04-10,133722,6500,127222
101,2020-04-11,136045,6668,129377
102,2020-04-12,137952,6825,131127
103,2020-04-13,139738,6953,132785
104,2020-04-14,141798,7108,134690
105,2020-04-15,144034,7271,136763
106,2020-04-16,146181,7400,138781
107,2020-04-17,148368,7529,140839
108,2020-04-18,150027,7629,142398
109,2020-04-19,151330,7731,143599
110,2020-04-20,152955,7854,145101
111,2020-04-21,154468,7955,146513
112,2020-04-22,156177,8049,148128
113,2020-04-23,157746,8149,149597
114,2020-04-24,159200,8217,150983
115,2020-04-25,160328,8278,152050
116,2020-04-26,161122,8314,152808
117,2020-04-27,162293,8380,153913
118,2020-04-28,163372,8445,154927
119,2020-04-29,164464,8506,155958
120,2020-04-30,165600,8565,157035
121,2020-05-01,166468,8602,157866
122,2020-05-02,167160,8626,158534
123,2020-05-03,167753,8650,159103
124,2020-05-04,168585,8693,159892
125,2020-05-05,169481,8731,160750
126,2020-05-06,170396,8757,161639
127,2020-05-07,171242,8793,162449
128,2020-05-08,172047,8827,163220
129,2020-05-09,172654,8834,163820
130,2020-05-10,173101,8859,164242
131,2020-05-11,173783,8881,164902
132,2020-05-12,174422,8898,165524
133,2020-05-13,175130,8924,166206
134,2020-05-14,175761,8940,166821
135,2020-05-15,176500,8970,167530
136,2020-05-16,177009,8993,168016
137,2020-05-17,177403,9006,168397
138,2020-05-18,178026,9018,169008
139,2020-05-19,178557,9030,169527
140,2020-05-20,179264,9060,170204
141,2020-05-21,179671,9066,170605
142,2020-05-22,180107,9078,171029
143,2020-05-23,180461,9088,171373
144,2020-05-24,180754,9094,171660
145,2020-05-25,181209,9103,172106
146,2020-05-26,181771,9117,172654
147,2020-05-27,182303,9130,173173
148,2020-05-28,182739,9139,173600
149,2020-05-29,183120,9143,173977
150,2020-05-30,183469,9147,174322
151,2020-05-31,183685,9154,174531
152,2020-06-01,183924,9160,174764
153,2020-06-02,184267,9166,175101
154,2020-06-03,184731,9171,175560
155,2020-06-04,185171,9175,175996
156,2020-06-05,185548,9181,176367
157,2020-06-06,185825,9187,176638
158,2020-06-07,186011,9192,176819
159,2020-06-08,186391,9195,177196
160,2020-06-09,186800,9200,177600
161,2020-06-10,187292,9208,178084
162,2020-06-11,187599,9211,178388
163,2020-06-12,187970,9226,178744
164,2020-06-13,188311,9229,179082
165,2020-06-14,188568,9232,179336
166,2020-06-15,188978,9236,179742
167,2020-06-16,189828,9242,180586
168,2020-06-17,190518,9248,181270
169,2020-06-18,191157,9249,181908
170,2020-06-19,191966,9254,182712
171,2020-06-20,192466,9261,183205
172,2020-06-21,192784,9265,183519
173,2020-06-22,193277,9268,184009
174,2020-06-23,193777,9272,184505
175,2020-06-24,194262,9275,184987
176,2020-06-25,194750,9281,185469
177,2020-06-26,195245,9288,185957
178,2020-06-27,195573,9289,186284
179,2020-06-28,195842,9289,186553
180,2020-06-29,196299,9293,187006
181,2020-06-30,196747,9295,187452
182,2020-07-01,197185,9301,187884
183,2020-07-02,197588,9306,188282
184,2020-07-03,198003,9311,188692
185,2020-07-04,198295,9312,188983
186,2020-07-05,198540,9315,189225
187,2020-07-06,198920,9318,189602
188,2020-07-07,199310,9324,189986
189,2020-07-08,199703,9327,190376
190,2020-07-09,200078,9331,190747
191,2020-07-10,200535,9335,191200
192,2020-07-11,200886,9337,191549
193,2020-07-12,201126,9337,191789
194,2020-07-13,201604,9340,192264
195,2020-07-14,202078,9345,192733
196,2020-07-15,202660,9350,193310
197,2020-07-16,203157,9357,193800
198,2020-07-17,203686,9362,194324
199,2020-07-18,204191,9364,194827
200,2020-07-19,204583,9372,195211
201,2020-07-20,205195,9379,195816
202,2020-07-21,205800,9383,196417
203,2020-07-22,206487,9389,197098
204,2020-07-23,207113,9393,197720
205,2020-07-24,207854,9396,198458
206,2020-07-25,208445,9399,199046
207,2020-07-26,208911,9403,199508
208,2020-07-27,209605,9410,200195
209,2020-07-28,210338,9412,200926
210,2020-07-29,211114,9418,201696
211,2020-07-30,211868,9423,202445
212,2020-07-31,212712,9438,203274
213,2020-08-01,213410,9439,203971
214,2020-08-02,213973,9441,204532
215,2020-08-03,214892,9446,205446
216,2020-08-04,215832,9450,206382
217,2020-08-05,216828,9451,207377
218,2020-08-06,217894,9456,208438
219,2020-08-07,218941,9461,209480
220,2020-08-08,219776,9465,210311
221,2020-08-09,220397,9468,210929
222,2020-08-10,221663,9476,212187
223,2020-08-11,222895,9480,213415
224,2020-08-12,224350,9488,214862
225,2020-08-13,225765,9494,216271
226,2020-08-14,227100,9501,217599
227,2020-08-15,228058,9505,218553
228,2020-08-16,228864,9506,219358
229,2020-08-17,230422,9512,220910
230,2020-08-18,231941,9517,222424
231,2020-08-19,233497,9522,223975
232,2020-08-20,234882,9526,225356
233,2020-08-21,236389,9527,226862
234,2020-08-22,237448,9528,227920
235,2020-08-23,238291,9530,228761
236,2020-08-24,239794,9533,230261
237,2020-08-25,241334,9537,231797
238,2020-08-26,242810,9538,233272
239,2020-08-27,244227,9542,234685
240,2020-08-28,245535,9549,235986
241,2020-08-29,246439,9553,236886
242,2020-08-30,247217,9554,237663
243,2020-08-31,248503,9559,238944
244,2020-09-01,249959,9565,240394
245,2020-09-02,251316,9573,241743
246,2020-09-03,252698,9578,243120
247,2020-09-04,254209,9589,244620
248,2020-09-05,255380,9594,245786
249,2020-09-06,256372,9599,246773
250,2020-09-07,258059,9609,248450
251,2020-09-08,259718,9623,250095
252,2020-09-09,261439,9631,251808
253,2020-09-10,263115,9640,253475
254,2020-09-11,264796,9654,255142
255,2020-09-12,266242,9665,256577
256,2020-09-13,267449,9670,257779
257,2020-09-14,269426,9681,259745
258,2020-09-15,271402,9693,261709
259,2020-09-16,273467,9707,263760
260,2020-09-17,275435,9720,265715
261,2020-09-18,277369,9734,267635
262,2020-09-19,278840,9751,269089
263,2020-09-20,280070,9769,270301
264,2020-09-21,282150,9781,272369
265,2020-09-22,284188,9803,274385
266,2020-09-23,286306,9814,276492
267,2020-09-24,288441,9833,278608
268,2020-09-25,290691,9856,280835
269,2020-09-26,292567,9875,282692
270,2020-09-27,294046,9888,284158
271,2020-09-28,296507,9907,286600
272,2020-09-29,299063,9921,289142
273,2020-09-30,301787,9941,291846
274,2020-10-01,304746,9967,294779
275,2020-10-02,308089,10003,298086
276,2020-10-03,311022,10020,301002
277,2020-10-04,313362,10038,303324
278,2020-10-05,317265,10081,307184
279,2020-10-06,321426,10106,311320
280,2020-10-07,326044,10151,315893
281,2020-10-08,330871,10196,320675
282,2020-10-09,336210,10261,325949
283,2020-10-10,340939,10312,330627
284,2020-10-11,344893,10348,334545
285,2020-10-12,351165,10409,340756
286,2020-10-13,357949,10475,347474
287,2020-10-14,365816,10537,355279
288,2020-10-15,373862,10634,363228
289,2020-10-16,382790,10730,372060
290,2020-10-17,390373,10813,379560
291,2020-10-18,397429,10895,386534
292,2020-10-19,408128,11014,397114
293,2020-10-20,420373,11163,409210
294,2020-10-21,434349,11332,423017
295,2020-10-22,448492,11568,436924
296,2020-10-23,463628,11782,451846
297,2020-10-24,476601,11934,464667
298,2020-10-25,488032,12093,475939
299,2020-10-26,504478,12336,492142
300,2020-10-27,521661,12575,509086
301,2020-10-28,540264,12841,527423
302,2020-10-29,558057,13109,544948
303,2020-10-30,576531,13375,563156
304,2020-10-31,590974,13582,577392
305,2020-11-01,604550,13806,590744
306,2020-11-02,624006,14156,609850
307,2020-11-03,643184,14457,628727
308,2020-11-04,662614,14742,647872
309,2020-11-05,681732,15054,666678
310,2020-11-06,700884,15341,685543
311,2020-11-07,716676,15568,701108
312,2020-11-08,729058,15784,713274
313,2020-11-09,747867,16163,731704
314,2020-11-10,766998,16549,750449
315,2020-11-11,787410,16959,770451
316,2020-11-12,807660,17405,790255
317,2020-11-13,827870,17870,810000
318,2020-11-14,843693,18213,825480
319,2020-11-15,855909,18506,837403
320,2020-11-16,874542,18965,855577
321,2020-11-17,893866,19462,874404
322,2020-11-18,914558,19982,894576
323,2020-11-19,934914,20532,914382
324,2020-11-20,954967,21048,933919
325,2020-11-21,969467,21397,948070
326,2020-11-22,980915,21713,959202
327,2020-11-23,998836,22226,976610
328,2020-11-24,1016962,22740,994222
329,2020-11-25,1036609,23325,1013284
330,2020-11-26,1056018,23934,1032084
331,2020-11-27,1075067,24552,1050515
332,2020-11-28,1090725,25013,1065712
333,2020-11-29,1102443,25378,1077065
334,2020-11-30,1120603,25988,1094615
335,2020-12-01,1140393,26681,1113712
336,2020-12-02,1161871,27417,1134454
337,2020-12-03,1184909,28248,1156661
338,2020-12-04,1207336,29036,1178300
339,2020-12-05,1225660,29591,1196069
340,2020-12-06,1240897,30081,1210816
341,2020-12-07,1263432,30874,1232558
342,2020-12-08,1287842,31762,1256080
343,2020-12-09,1313596,32604,1280992
344,2020-12-10,1340450,33670,1306780
345,2020-12-11,1366638,34628,1332010
346,2020-12-12,1388727,35428,1353299
347,2020-12-13,1405749,36034,1369715
348,2020-12-14,1430629,36986,1393643
349,2020-12-15,1456778,38034,1418744
350,2020-12-16,1484914,39097,1445817
351,2020-12-17,1512532,40193,1472339
352,2020-12-18,1539310,41196,1498114
353,2020-12-19,1560392,41957,1518435
354,2020-12-20,1577635,42644,1534991
355,2020-12-21,1600291,43636,1556655
356,2020-12-22,1624725,44696,1580029
357,2020-12-23,1651326,45834,1605492
358,2020-12-24,1670789,46605,1624184
359,2020-12-25,1685329,47210,1638119
360,2020-12-26,1700522,47868,1652654
361,2020-12-27,1715109,48442,1666667
362,2020-12-28,1735725,49413,1686312
363,2020-12-29,1758122,50519,1707603
364,2020-12-30,1781576,51647,1729929
365,2020-12-31,1798681,52359,1746322
366,2021-01-01,1812098,52872,1759226
367,2021-01-02,1826556,53466,1773090
368,2021-01-03,1840687,54011,1786676
369,2021-01-04,1860035,54809,1805226
370,2021-01-05,1881897,55759,1826138
371,2021-01-06,1903122,56635,1846487
372,2021-01-07,1923250,57506,1865744
373,2021-01-08,1943466,58344,1885122
374,2021-01-09,1958613,58898,1899715
375,2021-01-10,1970203,59403,1910800
376,2021-01-11,1986514,60064,1926450
377,2021-01-12,2004894,60914,1943980
378,2021-01-13,2023996,61789,1962207
379,2021-01-14,2040991,62606,1978385
380,2021-01-15,2057221,63363,1993858
381,2021-01-16,2070478,63869,2006609
382,2021-01-17,2080486,64309,2016177
383,2021-01-18,2094146,64937,2029209
384,2021-01-19,2109916,65684,2044232
385,2021-01-20,2125885,66405,2059480
386,2021-01-21,2140124,67043,2073081
387,2021-01-22,2153548,67641,2085907
388,2021-01-23,2164658,68046,2096612
389,2021-01-24,2172595,68340,2104255
390,2021-01-25,2183189,68811,2114378
391,2021-01-26,2196353,69326,2127027
392,2021-01-27,2209035,69828,2139207
393,2021-01-28,2220405,70275,2150130
394,2021-01-29,2231741,70695,2161046
395,2021-01-30,2241325,71009,2170316
396,2021-01-31,2247978,71209,2176769
397,2021-02-01,2256951,71581,2185370
398,2021-02-02,2267306,71968,2195338
399,2021-02-03,2278145,72386,2205759
400,2021-02-04,2287611,72749,2214862
401,2021-02-05,2296533,73051,2223482
402,2021-02-06,2304248,73269,2230979
403,2021-02-07,2309342,73424,2235918
404,2021-02-08,2316375,73685,2242690
405,2021-02-09,2324486,73979,2250507
406,2021-02-10,2333098,74254,2258844
407,2021-02-11,2340945,74526,2266419
408,2021-02-12,2348919,74756,2274163
409,2021-02-13,2355272,74926,2280346
410,2021-02-14,2360740,75055,2285685
411,2021-02-15,2368097,75301,2292796
412,2021-02-16,2376534,75560,2300974
413,2021-02-17,2385336,75828,2309508
414,2021-02-18,2393753,76062,2317691
415,2021-02-19,2402231,76272,2325959
416,2021-02-20,2410112,76431,2333681
417,2021-02-21,2415621,76555,2339066
418,2021-02-22,2423221,76782,2346439
419,2021-02-23,2432229,76978,2355251
420,2021-02-24,2441341,77178,2364163
421,2021-02-25,2449801,77360,2372441
422,2021-02-26,2458661,77522,2381139
423,2021-02-27,2466496,77662,2388834
424,2021-02-28,2472485,77768,2394717
425,2021-03-01,2480765,77960,2402805
426,2021-03-02,2490304,78122,2412182
427,2021-03-03,2500193,78273,2421920
428,2021-03-04,2509433,78423,2431010
429,2021-03-05,2519036,78583,2440453
430,2021-03-06,2527820,78725,2449095
431,2021-03-07,2534709,78836,2455873
432,2021-03-08,2544393,79025,2465368
433,2021-03-09,2555710,79177,2476533
434,2021-03-10,2568395,79356,2489039
435,2021-03-11,2580654,79550,2501104
436,2021-03-12,2593353,79727,2513626
437,2021-03-13,2605027,79872,2525155
438,2021-03-14,2614391,79999,2534392
439,2021-03-15,2627039,80199,2546840
440,2021-03-16,2641923,80391,2561532
441,2021-03-17,2658198,80593,2577605
442,2021-03-18,2673346,80805,2592541
443,2021-03-19,2688702,81020,2607682
444,2021-03-20,2702974,81188,2621786
445,2021-03-21,2714315,81340,2632975
446,2021-03-22,2729716,81545,2648171
447,2021-03-23,2747814,81811,2666003
448,2021-03-24,2767429,82058,2685371
449,2021-03-25,2786341,82310,2704031
450,2021-03-26,2804822,82555,2722267
451,2021-03-27,2820715,82756,2737959
452,2021-03-28,2832296,82918,2749378
453,2021-03-29,2848253,83181,2765072
454,2021-03-30,2866071,83426,2782645
455,2021-03-31,2885220,83675,2801545
456,2021-04-01,2904440,83943,2820497
457,2021-04-02,2920193,84147,2836046
458,2021-04-03,2933659,84364,2849295
459,2021-04-04,2945713,84528,2861185
460,2021-04-05,2958883,84726,2874157
461,2021-04-06,2975465,84987,2890478
462,2021-04-07,2995915,85233,2910682
463,2021-04-08,3017422,85498,2931924
464,2021-04-09,3037978,85725,2952253
465,2021-04-10,3056649,85971,2970678
466,2021-04-11,3070334,86111,2984223
467,2021-04-12,3089242,86366,3002876
468,2021-04-13,3111219,86606,3024613
469,2021-04-14,3134378,86854,3047524
470,2021-04-15,3155535,87094,3068441
471,2021-04-16,3177336,87342,3089994
472,2021-04-17,3196142,87557,3108585
473,2021-04-18,3211118,87734,3123384
474,2021-04-19,3230859,87972,3142887
475,2021-04-20,3254582,88248,3166334
476,2021-04-21,3278454,88495,3189959
477,2021-04-22,3300151,88735,3211416
478,2021-04-23,3321177,88961,3232216
479,2021-04-24,3339262,89170,3250092
480,2021-04-25,3352392,89292,3263100
481,2021-04-26,3369883,89492,3280391
482,2021-04-27,3389674,89673,3300001
483,2021-04-28,3409999,89890,3320109
484,2021-04-29,3427592,90062,3337530
485,2021-04-30,3444796,90244,3354552
486,2021-05-01,3459544,90398,3369146
487,2021-05-02,3470032,90511,3379521
488,2021-05-03,3483803,90660,3393143
489,2021-05-04,3500198,90839,3409359
490,2021-05-05,3516079,90983,3425096
491,2021-05-06,3529868,91110,3438758
492,2021-05-07,3542945,91266,3451679
493,2021-05-08,3554043,91347,3462696
494,2021-05-09,3562009,91430,3470579
495,2021-05-10,3572424,91558,3480866
496,2021-05-11,3584311,91662,3492649
497,2021-05-12,3596065,91767,3504298
498,2021-05-13,3604348,91845,3512503
499,2021-05-14,3612147,91918,3520229
500,2021-05-15,3620054,91997,3528057
501,2021-05-16,3625823,92051,3533772
502,2021-05-17,3632874,92118,3540756
503,2021-05-18,3641352,92179,3549173
504,2021-05-19,3649291,92243,3557048
505,2021-05-20,3655864,92312,3563552
506,2021-05-21,3661928,92353,3569575
507,2021-05-22,3666953,92401,3574552
508,2021-05-23,3670033,92430,3577603
509,2021-05-24,3673346,92462,3580884
510,2021-05-25,3677556,92500,3585056
511,2021-05-26,3682584,92539,3590045
512,2021-05-27,3687514,92571,3594943
513,2021-05-28,3691747,92604,3599143
514,2021-05-29,3695101,92622,3602479
515,2021-05-30,3697365,92636,3604729
516,2021-05-31,3700271,92659,3607612
517,2021-06-01,3703914,92682,3611232
518,2021-06-02,3707380,92701,3614679
519,2021-06-03,3709961,92713,3617248
520,2021-06-04,3712176,92726,3619450
521,2021-06-05,3714267,92749,3621518
522,2021-06-06,3715878,92757,3623121
523,2021-06-07,3717906,92771,3625135
524,2021-06-08,3720337,92778,3627559
525,2021-06-09,3722370,92784,3629586
526,2021-06-10,3724234,92791,3631443
527,2021-06-11,3725722,92798,3632924
528,2021-06-12,3726974,92805,3634169
529,2021-06-13,3727810,92810,3635000
530,2021-06-14,3728940,92825,3636115
531,2021-06-15,3730158,92832,3637326
532,2021-06-16,3731328,92837,3638491
533,2021-06-17,3732322,92839,3639483
534,2021-06-18,3733255,92852,3640403
535,2021-06-19,3733945,92854,3641091
536,2021-06-20,3734476,92857,3641619
537,2021-06-21,3735265,92859,3642406
538,2021-06-22,3736147,92865,3643282
539,2021-06-23,3736941,92869,3644072
540,2021-06-24,3737681,92872,3644809
541,2021-06-25,3738357,92876,3645481
542,2021-06-26,3738952,92876,3646076
543,2021-06-27,3739408,92877,3646531
544,2021-06-28,3740155,92882,3647273
545,2021-06-29,3740915,92886,3648029
546,2021-06-30,3741786,92891,3648895
547,2021-07-01,3742494,92897,3649597
548,2021-07-02,3743210,92900,3650310
549,2021-07-03,3743872,92902,3650970
550,2021-07-04,3744484,92903,3651581
551,2021-07-05,3745435,92905,3652530
552,2021-07-06,3746471,92912,3653559
553,2021-07-07,3747501,92918,3654583
554,2021-07-08,3748568,92922,3655646
555,2021-07-09,3749620,92927,3656693
556,2021-07-10,3750703,92932,3657771
557,2021-07-11,3751702,92935,3658767
558,2021-07-12,3753183,92941,3660242
559,2021-07-13,3754870,92945,3661925
560,2021-07-14,3756524,92951,3663573
561,2021-07-15,3758104,92957,3665147
562,2021-07-16,3759719,92962,3666757
563,2021-07-17,3761280,92968,3668312
564,2021-07-18,3762676,92971,3669705
565,2021-07-19,3764710,92973,3671737
566,2021-07-20,3766909,92979,3673930
567,2021-07-21,3769054,92982,3676072
568,2021-07-22,3771017,92990,3678027
569,2021-07-23,3773111,92996,3680115
570,2021-07-24,3775043,93005,3682038
571,2021-07-25,3776753,93010,3683743
572,2021-07-26,3779235,93021,3686214
573,2021-07-27,3781989,93036,3688953
574,2021-07-28,3784731,93045,3691686
575,2021-07-29,3787058,93062,3693996
576,2021-07-30,3789598,93073,3696525
577,2021-07-31,3792029,93083,3698946
578,2021-08-01,3794300,93092,3701208
579,2021-08-02,3797498,93113,3704385
580,2021-08-03,3801027,93129,3707898
581,2021-08-04,3804624,93147,3711477
582,2021-08-05,3808124,93156,3714968
583,2021-08-06,3812017,93171,3718846
584,2021-08-07,3815621,93191,3722430
585,2021-08-08,3818852,93211,3725641
586,2021-08-09,3823661,93234,3730427
587,2021-08-10,3829074,93261,3735813
588,2021-08-11,3834782,93282,3741500
589,2021-08-12,3840181,93303,3746878
590,2021-08-13,3846231,93336,3752895
591,2021-08-14,3852035,93364,3758671
592,2021-08-15,3857125,93388,3763737
593,2021-08-16,3864336,93411,3770925
594,2021-08-17,3871988,93446,3778542
595,2021-08-18,3880433,93485,3786948
596,2021-08-19,3888436,93518,3794918
597,2021-08-20,3897590,93560,3804030
598,2021-08-21,3905545,93589,3811956
599,2021-08-22,3912287,93622,3818665
600,2021-08-23,3921717,93684,3828033
601,2021-08-24,3932261,93734,3838527
602,2021-08-25,3943182,93788,3849394
603,2021-08-26,3953366,93849,3859517
604,2021-08-27,3963311,93906,3869405
605,2021-08-28,3972404,93963,3878441
606,2021-08-29,3979207,93994,3885213
607,2021-08-30,3989735,94064,3895671
608,2021-08-31,4001591,94136,3907455
609,2021-09-01,4014612,94220,3920392
610,2021-09-02,4025624,94281,3931343
611,2021-09-03,4037107,94356,3942751
612,2021-09-04,4046935,94407,3952528
613,2021-09-05,4054212,94448,3959764
614,2021-09-06,4064359,94519,3969840
615,2021-09-07,4076183,94581,3981602
616,2021-09-08,4088122,94651,3993471
617,2021-09-09,4098414,94712,4003702
618,2021-09-10,4108469,94781,4013688
619,2021-09-11,4116711,94842,4021869
620,2021-09-12,4122766,94878,4027888
621,2021-09-13,4131495,94949,4036546
622,2021-09-14,4141864,95012,4046852
623,2021-09-15,4151531,95079,4056452
624,2021-09-16,4160186,95128,4065058
625,2021-09-17,4168186,95185,4073001
626,2021-09-18,4175046,95215,4079831
627,2021-09-19,4180460,95246,4085214
628,2021-09-20,4188328,95304,4093024
629,2021-09-21,4197289,95360,4101929
630,2021-09-22,4206374,95423,4110951
631,2021-09-23,4214616,95487,4119129
632,2021-09-24,4222994,95538,4127456
633,2021-09-25,4230221,95581,4134640
634,2021-09-26,4236109,95622,4140487
635,2021-09-27,4244561,95697,4148864
636,2021-09-28,4254327,95756,4158571
637,2021-09-29,4263808,95830,4167978
638,2021-09-30,4272016,95892,4176124
639,2021-10-01,4280361,95963,4184398
640,2021-10-02,4287587,96016,4191571
641,2021-10-03,4293796,96056,4197740
642,2021-10-04,4302580,96150,4206430
643,2021-10-05,4312204,96215,4215989
644,2021-10-06,4321824,96299,4225525
645,2021-10-07,4330525,96386,4234139
646,2021-10-08,4339688,96477,4243211
647,2021-10-09,4347843,96532,4251311
648,2021-10-10,4354892,96578,4258314
649,2021-10-11,4364966,96686,4268280
650,2021-10-12,4376109,96778,4279331
651,2021-10-13,4387721,96878,4290843
652,2021-10-14,4398493,96959,4301534
653,2021-10-15,4410624,97078,4313546
654,2021-10-16,4421991,97166,4324825
655,2021-10-17,4431706,97258,4334448
656,2021-10-18,4445906,97423,4348483
657,2021-10-19,4462687,97593,4365094
658,2021-10-20,4480074,97751,4382323
659,2021-10-21,4495947,97934,4398013
660,2021-10-22,4513195,98116,4415079
661,2021-10-23,4528773,98270,4430503
662,2021-10-24,4541972,98389,4443583
663,2021-10-25,4561105,98572,4462533
664,2021-10-26,4583432,98764,4484668
665,2021-10-27,4606670,98970,4507700
666,2021-10-28,4627986,99180,4528806
667,2021-10-29,4650150,99401,4550749
668,2021-10-30,4670569,99575,4570994
669,2021-10-31,4686787,99737,4587050
670,2021-11-01,4709533,99976,4609557
671,2021-11-02,4736942,100261,4636681
672,2021-11-03,4769025,100558,4668467
673,2021-11-04,4800461,100831,4699630
674,2021-11-05,4833108,101135,4731973
675,2021-11-06,4862476,101353,4761123
676,2021-11-07,4885747,101517,4784230
677,2021-11-08,4920714,101857,4818857
678,2021-11-09,4962868,102231,4860637
679,2021-11-10,5008577,102561,4906016
680,2021-11-11,5052815,102946,4949869
681,2021-11-12,5097620,103322,4994298
682,2021-11-13,5136143,103610,5032533
683,2021-11-14,5166146,103839,5062307
684,2021-11-15,5212001,104244,5107757
685,2021-11-16,5269710,104715,5164995
686,2021-11-17,5328701,105144,5223557
687,2021-11-18,5386236,105641,5280595
688,2021-11-19,5446568,106108,5340460
689,2021-11-20,5493959,106427,5387532
690,2021-11-21,5529007,106671,5422336
691,2021-11-22,5583586,107162,5476424
692,2021-11-23,5648438,107674,5540764
693,2021-11-24,5716098,108163,5607935
694,2021-11-25,5778764,108623,5670141
695,2021-11-26,5839420,109071,5730349
696,2021-11-27,5885245,109415,5775830
697,2021-11-28,5919692,109650,5810042
698,2021-11-29,5970864,110093,5860771
699,2021-11-30,6036434,110559,5925875
700,2021-12-01,6104072,111038,5993034
701,2021-12-02,6164100,111471,6052629
702,2021-12-03,6222929,111921,6111008
703,2021-12-04,6266804,112230,6154574
704,2021-12-05,6297886,112492,6185394
705,2021-12-06,6346155,112923,6233232
706,2021-12-07,6407114,113304,6293810
707,2021-12-08,6466134,113705,6352429
708,2021-12-09,6517159,114054,6403105
709,2021-12-10,6564760,114434,6450326
710,2021-12-11,6599631,114688,6484943
711,2021-12-12,6622279,114872,6507407
712,2021-12-13,6658549,115167,6543382
713,2021-12-14,6709589,115534,6594055
714,2021-12-15,6755400,115872,6639528
715,2021-12-16,6796292,116156,6680136
716,2021-12-17,6834009,116404,6717605
717,2021-12-18,6862020,116594,6745426
718,2021-12-19,6880079,116740,6763339
719,2021-12-20,6910098,116987,6793111
720,2021-12-21,6950258,117243,6833015
721,2021-12-22,6985453,117474,6867979
722,2021-12-23,7017329,117659,6899670
723,2021-12-24,7041895,117813,6924082
724,2021-12-25,7059493,117907,6941586
725,2021-12-26,7078905,118013,6960892
726,2021-12-27,7109886,118186,6991700
727,2021-12-28,7150847,118381,7032466
728,2021-12-29,7189380,118541,7070839
729,2021-12-30,7227283,118703,7108580
730,2021-12-31,7258493,118814,7139679
731,2022-01-01,7282933,118884,7164049
732,2022-01-02,7310218,118976,7191242
733,2022-01-03,7355204,119113,7236091
734,2022-01-04,7412411,119286,7293125
735,2022-01-05,7469544,119431,7350113
736,2022-01-06,7520761,119531,7401230
737,2022-01-07,7574411,119654,7454757
738,2022-01-08,7616383,119731,7496652
739,2022-01-09,7651621,119790,7531831
740,2022-01-10,7713953,119887,7594066
741,2022-01-11,7794950,119995,7674955
742,2022-01-12,7877325,120109,7757216
743,2022-01-13,7958963,120200,7838763
744,2022-01-14,8040524,120315,7920209
745,2022-01-15,8104193,120408,7983785
746,2022-01-16,8155402,120466,8034936
747,2022-01-17,8249967,120598,8129369
748,2022-01-18,8375366,120738,8254628
749,2022-01-19,8510927,120865,8390062
750,2022-01-20,8649697,121011,8528686
751,2022-01-21,8792223,121149,8671074
752,2022-01-22,8893977,121252,8772725
753,2022-01-23,8969441,121340,8848101
754,2022-01-24,9120966,121510,8999456
755,2022-01-25,9309618,121703,9187915
756,2022-01-26,9498641,121890,9376751
757,2022-01-27,9688374,122066,9566308
758,2022-01-28,9872573,122251,9750322
759,2022-01-29,10002550,122385,9880165
760,2022-01-30,10091298,122487,9968811
761,2022-01-31,10261352,122718,10138634
762,2022-02-01,10488048,122973,10365075
763,2022-02-02,10720208,123241,10596967
764,2022-02-03,10949738,123488,10826250
765,2022-02-04,11155979,123740,11032239
766,2022-02-05,11294742,123908,11170834
767,2022-02-06,11393541,124037,11269504
768,2022-02-07,11580038,124324,11455714
769,2022-02-08,11817108,124627,11692481
770,2022-02-09,12050551,124902,11925649
771,2022-02-10,12267803,125183,12142620
772,2022-02-11,12467619,125448,12342171
773,2022-02-12,12594065,125623,12468442
774,2022-02-13,12681935,125765,12556170
775,2022-02-14,12849695,126039,12723656
776,2022-02-15,13068873,126361,12942512
777,2022-02-16,13287550,126673,13160877
778,2022-02-17,13490965,126998,13363967
779,2022-02-18,13666371,127234,13539137
780,2022-02-19,13790512,127430,13663082
781,2022-02-20,13869445,127557,13741888
782,2022-02-21,14015368,127812,13887556
783,2022-02-22,14223752,128098,14095654
784,2022-02-23,14420405,128384,14292021
785,2022-02-24,14601980,128650,14473330
786,2022-02-25,14768021,128899,14639122
787,2022-02-26,14880442,129051,14751391
788,2022-02-27,14951135,129151,14821984
789,2022-02-28,15088603,129390,14959213
790,2022-03-01,15282803,129677,15153126
791,2022-03-02,15483463,129963,15353500
792,2022-03-03,15688601,130232,15558369
793,2022-03-04,15876976,130488,15746488
794,2022-03-05,16009373,130636,15878737
795,2022-03-06,16106587,130778,15975809
796,2022-03-07,16285567,131077,16154490
797,2022-03-08,16532464,131367,16401097
798,2022-03-09,16788219,131687,16656532
799,2022-03-10,17035642,131973,16903669
800,2022-03-11,17273202,132278,17140924
801,2022-03-12,17437794,132462,17305332
802,2022-03-13,17544248,132586,17411662
803,2022-03-14,17762899,132872,17630027
804,2022-03-15,18042083,133210,17908873
805,2022-03-16,18338759,133552,18205207
806,2022-03-17,18622080,133894,18488186
807,2022-03-18,18872832,134208,18738624
808,2022-03-19,19025447,134381,18891066
809,2022-03-20,19133054,134499,18998555
810,2022-03-21,19374536,134836,19239700
811,2022-03-22,19669081,135180,19533901
812,2022-03-23,19963907,135501,19828406
813,2022-03-24,20235608,135796,20099812
814,2022-03-25,20471342,136095,20335247
815,2022-03-26,20613775,136266,20477509
816,2022-03-27,20694547,136384,20558163
817,2022-03-28,20902516,136674,20765842
818,2022-03-29,21165641,136945,21028696
819,2022-03-30,21412795,137224,21275571
820,2022-03-31,21629737,137481,21492256
821,2022-04-01,21805957,137718,21668239
822,2022-04-02,21903108,137837,21765271
823,2022-04-03,21959475,137915,21821560
824,2022-04-04,22113001,138150,21974851
825,2022-04-05,22312915,138386,22174529
826,2022-04-06,22492730,138622,22354108
827,2022-04-07,22651052,138833,22512219
828,2022-04-08,22789165,139000,22650165
829,2022-04-09,22868775,139091,22729684
830,2022-04-10,22918129,139165,22778964
831,2022-04-11,23055678,139369,22916309
832,2022-04-12,23229272,139571,23089701
833,2022-04-13,23380818,139752,23241066
834,2022-04-14,23525158,139931,23385227
835,2022-04-15,23589058,140014,23449044
836,2022-04-16,23644881,140090,23504791
837,2022-04-17,23685737,140148,23545589
838,2022-04-18,23730306,140222,23590084
839,2022-04-19,23883786,140438,23743348
840,2022-04-20,24054069,140611,23913458
841,2022-04-21,24201496,140756,24060740
842,2022-04-22,24316723,140878,24175845
843,2022-04-23,24373464,140935,24232529
844,2022-04-24,24407119,140966,24266153
845,2022-04-25,24523598,141127,24382471
846,2022-04-26,24655992,141246,24514746
847,2022-04-27,24765858,141366,24624492
848,2022-04-28,24856893,141480,24715413
849,2022-04-29,24933273,141554,24791719
850,2022-04-30,24971100,141591,24829509
851,2022-05-01,24994220,141628,24852592
852,2022-05-02,25080598,141751,24938847
853,2022-05-03,25182904,141860,25041044
854,2022-05-04,25269761,141955,25127806
855,2022-05-05,25347016,142043,25204973
856,2022-05-06,25412816,142104,25270712
857,2022-05-07,25443626,142127,25301499
858,2022-05-08,25463521,142157,25321364
859,2022-05-09,25546057,142250,25403807
860,2022-05-10,25636715,142335,25494380
861,2022-05-11,25709939,142407,25567532
862,2022-05-12,25772110,142472,25629638
863,2022-05-13,25827238,142530,25684708
864,2022-05-14,25850361,142555,25707806
865,2022-05-15,25864961,142572,25722389
866,2022-05-16,25928536,142649,25785887
867,2022-05-17,25992323,142717,25849606
868,2022-05-18,26043307,142773,25900534
869,2022-05-19,26085539,142819,25942720
870,2022-05-20,26124147,142853,25981294
871,2022-05-21,26139795,142876,25996919
872,2022-05-22,26149837,142895,26006942
873,2022-05-23,26194753,142964,26051789
874,2022-05-24,26238657,143013,26095644
875,2022-05-25,26272561,143045,26129516
876,2022-05-26,26283464,143056,26140408
877,2022-05-27,26315141,143083,26172058
878,2022-05-28,26328905,143091,26185814
879,2022-05-29,26340676,143101,26197575
880,2022-05-30,26387077,143150,26243927
881,2022-05-31,26436889,143195,26293694
882,2022-06-01,26480558,143239,26337319
883,2022-06-02,26521232,143271,26377961
884,2022-06-03,26560090,143307,26416783
885,2022-06-04,26577988,143318,26434670
886,2022-06-05,26591913,143337,26448576
887,2022-06-06,26609100,143355,26465745
888,2022-06-07,26677640,143426,26534214
889,2022-06-08,26755618,143482,26612136
890,2022-06-09,26823495,143535,26679960
891,2022-06-10,26887077,143592,26743485
892,2022-06-11,26912750,143611,26769139
893,2022-06-12,26933159,143633,26789526
894,2022-06-13,27016597,143725,26872872
895,2022-06-14,27105154,143804,26961350
896,2022-06-15,27184068,143874,27040194
897,2022-06-16,27225795,143916,27081879
898,2022-06-17,27302025,143995,27158030
899,2022-06-18,27332312,144027,27188285
900,2022-06-19,27356644,144057,27212587
901,2022-06-20,27460254,144174,27316080
902,2022-06-21,27578385,144268,27434117
903,2022-06-22,27686421,144344,27542077
904,2022-06-23,27783098,144443,27638655
905,2022-06-24,27869280,144536,27724744
906,2022-06-25,27903858,144580,27759278
907,2022-06-26,27929288,144606,27784682
908,2022-06-27,28044820,144754,27900066
909,2022-06-28,28177115,144880,28032235
910,2022-06-29,28296641,144984,28151657
911,2022-06-30,28402525,145081,28257444
912,2022-07-01,28496001,145180,28350821
913,2022-07-02,28527812,145209,28382603
914,2022-07-03,28552327,145246,28407081
915,2022-07-04,28672116,145391,28526725
916,2022-07-05,28803512,145507,28658005
917,2022-07-06,28925103,145639,28779464
918,2022-07-07,29031727,145743,28885984
919,2022-07-08,29126167,145842,28980325
920,2022-07-09,29158517,145916,29012601
921,2022-07-10,29185201,145967,29039234
922,2022-07-11,29313672,146178,29167494
923,2022-07-12,29453036,146370,29306666
924,2022-07-13,29583490,146529,29436961
925,2022-07-14,29696363,146705,29549658
926,2022-07-15,29802447,146858,29655589
927,2022-07-16,29835868,146904,29688964
928,2022-07-17,29859662,146953,29712709
929,2022-07-18,29990349,147182,29843167
930,2022-07-19,30127072,147393,29979679
931,2022-07-20,30243102,147609,30095493
932,2022-07-21,30343002,147819,30195183
933,2022-07-22,30430334,147983,30282351
934,2022-07-23,30458965,148027,30310938
935,2022-07-24,30478767,148094,30330673
936,2022-07-25,30593659,148377,30445282
937,2022-07-26,30704592,148553,30556039
938,2022-07-27,30795333,148727,30646606
939,2022-07-28,30866881,148885,30717996
940,2022-07-29,30927721,149026,30778695
941,2022-07-30,30948549,149067,30799482
942,2022-07-31,30963623,149105,30814518
943,2022-08-01,31045062,149313,30895749
944,2022-08-02,31123984,149448,30974536
945,2022-08-03,31189075,149579,31039496
946,2022-08-04,31242851,149709,31093142
947,2022-08-05,31290724,149819,31140905
948,2022-08-06,31308479,149853,31158626
949,2022-08-07,31321675,149883,31171792
950,2022-08-08,31385636,150027,31235609
951,2022-08-09,31449364,150134,31299230
952,2022-08-10,31502467,150254,31352213
953,2022-08-11,31547581,150351,31397230
954,2022-08-12,31589390,150429,31438961
955,2022-08-13,31604681,150458,31454223
956,2022-08-14,31617018,150502,31466516
957,2022-08-15,31671931,150631,31521300
958,2022-08-16,31730853,150767,31580086
959,2022-08-17,31779357,150879,31628478
960,2022-08-18,31820323,150968,31669355
961,2022-08-19,31855045,151030,31704015
962,2022-08-20,31868520,151053,31717467
963,2022-08-21,31879077,151075,31728002
964,2022-08-22,31927699,151178,31776521
965,2022-08-23,31976661,151256,31825405
966,2022-08-24,32017993,151322,31866671
967,2022-08-25,32051921,151374,31900547
968,2022-08-26,32083041,151430,31931611
969,2022-08-27,32094616,151447,31943169
970,2022-08-28,32104023,151472,31952551
971,2022-08-29,32148422,151559,31996863
972,2022-08-30,32192648,151618,32041030
973,2022-08-31,32227182,151677,32075505
974,2022-09-01,32257137,151725,32105412
975,2022-09-02,32285691,151769,32133922
976,2022-09-03,32296987,151801,32145186
977,2022-09-04,32306465,151820,32154645
978,2022-09-05,32348660,151910,32196750
979,2022-09-06,32391635,151969,32239666
980,2022-09-07,32428745,152009,32276736
981,2022-09-08,32461203,152063,32309140
982,2022-09-09,32491323,152114,32339209
983,2022-09-10,32503068,152135,32350933
984,2022-09-11,32513326,152162,32361164
985,2022-09-12,32559899,152242,32407657
986,2022-09-13,32608694,152303,32456391
987,2022-09-14,32649571,152369,32497202
988,2022-09-15,32687346,152419,32534927
989,2022-09-16,32721840,152473,32569367
990,2022-09-17,32734834,152492,32582342
991,2022-09-18,32746714,152519,32594195
992,2022-09-19,32800898,152640,32648258
993,2022-09-20,32857310,152736,32704574
994,2022-09-21,32909438,152822,32756616
995,2022-09-22,32957932,152904,32805028
996,2022-09-23,33006991,152981,32854010
997,2022-09-24,33028833,153041,32875792
998,2022-09-25,33047711,153085,32894626
999,2022-09-26,33126641,153258,32973383
1000,2022-09-27,33221961,153427,33068534
1001,2022-09-28,33309757,153593,33156164
1002,2022-09-29,33385140,153734,33231406
1003,2022-09-30,33458342,153882,33304460
1004,2022-10-01,33488761,153959,33334802
1005,2022-10-02,33511120,154033,33357087
1006,2022-10-03,33538550,154137,33384413
1007,2022-10-04,33663012,154474,33508538
1008,2022-10-05,33804410,154756,33649654
1009,2022-10-06,33939428,155006,33784422
1010,2022-10-07,34051330,155187,33896143
1011,2022-10-08,34085394,155275,33930119
1012,2022-10-09,34112669,155362,33957307
1013,2022-10-10,34251998,155729,34096269
1014,2022-10-11,34386945,155993,34230952
1015,2022-10-12,34505053,156260,34348793
1016,2022-10-13,34606824,156523,34450301
1017,2022-10-14,34696687,156745,34539942
1018,2022-10-15,34726241,156837,34569404
1019,2022-10-16,34748523,156946,34591577
1020,2022-10-17,34871030,157308,34713722
1021,2022-10-18,34991741,157580,34834161
1022,2022-10-19,35092460,157815,34934645
1023,2022-10-20,35172932,158027,35014905
1024,2022-10-21,35241855,158220,35083635
1025,2022-10-22,35263801,158289,35105512
1026,2022-10-23,35280569,158385,35122184
1027,2022-10-24,35369139,158646,35210493
1028,2022-10-25,35454297,158815,35295482
1029,2022-10-26,35519636,158993,35360643
1030,2022-10-27,35572436,159137,35413299
1031,2022-10-28,35616614,159267,35457347
1032,2022-10-29,35630389,159324,35471065
1033,2022-10-30,35642328,159386,35482942
1034,2022-10-31,35682835,159507,35523328
1035,2022-11-01,35721210,159628,35561582
1036,2022-11-02,35781324,159765,35621559
1037,2022-11-03,35827041,159878,35667163
1038,2022-11-04,35863100,159975,35703125
1039,2022-11-05,35874298,160026,35714272
1040,2022-11-06,35883094,160056,35723038
1041,2022-11-07,35931136,160224,35770912
1042,2022-11-08,35973432,160331,35813101
1043,2022-11-09,36008241,160440,35847801
1044,2022-11-10,36038020,160530,35877490
1045,2022-11-11,36064619,160616,35904003
1046,2022-11-12,36073171,160662,35912509
1047,2022-11-13,36081059,160697,35920362
1048,2022-11-14,36118501,160809,35957692
1049,2022-11-15,36154250,160910,35993340
1050,2022-11-16,36183390,161001,36022389
1051,2022-11-17,36209148,161088,36048060
1052,2022-11-18,36234344,161168,36073176
1053,2022-11-19,36242830,161211,36081619
1054,2022-11-20,36249751,161256,36088495
1055,2022-11-21,36285786,161396,36124390
1056,2022-11-22,36321782,161508,36160274
1057,2022-11-23,36352381,161616,36190765
1058,2022-11-24,36379206,161711,36217495
1059,2022-11-25,36405112,161824,36243288
1060,2022-11-26,36414230,161869,36252361
1061,2022-11-27,36421566,161916,36259650
1062,2022-11-28,36459818,162111,36297707
1063,2022-11-29,36499929,162240,36337689
1064,2022-11-30,36533208,162367,36370841
1065,2022-12-01,36562315,162497,36399818
1066,2022-12-02,36589708,162642,36427066
1067,2022-12-03,36599091,162697,36436394
1068,2022-12-04,36606619,162744,36443875
1069,2022-12-05,36646012,162944,36483068
1070,2022-12-06,36689780,163109,36526671
1071,2022-12-07,36725755,163278,36562477
1072,2022-12-08,36757917,163451,36594466
1073,2022-12-09,36787920,163610,36624310
1074,2022-12-10,36799100,163683,36635417
1075,2022-12-11,36807073,163746,36643327
1076,2022-12-12,36852399,164027,36688372
1077,2022-12-13,36898759,164204,36734555
1078,2022-12-14,36940796,164391,36776405
1079,2022-12-15,36977734,164578,36813156
1080,2022-12-16,37009801,164768,36845033
1081,2022-12-17,37020503,164850,36855653
1082,2022-12-18,37028939,164925,36864014
1083,2022-12-19,37076039,165245,36910794
1084,2022-12-20,37124112,165487,36958625
1085,2022-12-21,37166910,165684,37001226
1086,2022-12-22,37205515,165896,37039619
1087,2022-12-23,37239379,166067,37073312
1088,2022-12-24,37248978,166140,37082838
1089,2022-12-25,37255374,166214,37089160
1090,2022-12-26,37262652,166284,37096368
1091,2022-12-27,37307331,166589,37140742
1092,2022-12-28,37345057,166795,37178262
1093,2022-12-29,37373623,166963,37206660
1094,2022-12-30,37396164,167101,37229063
1095,2022-12-31,37402428,167152,37235276
1096,2023-01-01,37407173,167213,37239960
1097,2023-01-02,37440635,167431,37273204
1098,2023-01-03,37471790,167573,37304217
1099,2023-01-04,37495139,167703,37327436
1100,2023-01-05,37514136,167804,37346332
1101,2023-01-06,37526708,167886,37358822
1102,2023-01-07,37530948,167928,37363020
1103,2023-01-08,37534038,167962,37366076
1104,2023-01-09,37557899,168100,37389799
1105,2023-01-10,37578017,168191,37409826
1106,2023-01-11,37593261,168274,37424987
1107,2023-01-12,37604614,168347,37436267
1108,2023-01-13,37614255,168415,37445840
1109,2023-01-14,37617486,168435,37449051
1110,2023-01-15,37620060,168449,37451611
1111,2023-01-16,37634794,168539,37466255
1112,2023-01-17,37648239,168582,37479657
1113,2023-01-18,37659143,168637,37490506
1114,2023-01-19,37668720,168691,37500029
1115,2023-01-20,37677502,168738,37508764
1116,2023-01-21,37680739,168753,37511986
1117,2023-01-22,37683548,168773,37514775
1118,2023-01-23,37698395,168852,37529543
1119,2023-01-24,37714144,168915,37545229
1120,2023-01-25,37727331,168968,37558363
1121,2023-01-26,37739574,169016,37570558
1122,2023-01-27,37750603,169064,37581539
1123,2023-01-28,37754155,169081,37585074
1124,2023-01-29,37757232,169102,37588130
1125,2023-01-30,37774811,169187,37605624
1126,2023-01-31,37793849,169253,37624596
1127,2023-02-01,37809399,169308,37640091
1128,2023-02-02,37822499,169363,37653136
1129,2023-02-03,37834818,169422,37665396
1130,2023-02-04,37838502,169446,37669056
1131,2023-02-05,37841562,169469,37672093
1132,2023-02-06,37859821,169556,37690265
1133,2023-02-07,37878607,169641,37708966
1134,2023-02-08,37894064,169729,37724335
1135,2023-02-09,37907439,169797,37737642
1136,2023-02-10,37920754,169872,37750882
1137,2023-02-11,37924803,169909,37754894
1138,2023-02-12,37928320,169954,37758366
1139,2023-02-13,37948951,170099,37778852
1140,2023-02-14,37969413,170207,37799206
1141,2023-02-15,37987484,170301,37817183
1142,2023-02-16,38003852,170400,37833452
1143,2023-02-17,38018065,170468,37847597
1144,2023-02-18,38022502,170500,37852002
1145,2023-02-19,38026401,170553,37855848
1146,2023-02-20,38045326,170706,37874620
1147,2023-02-21,38067913,170820,37897093
1148,2023-02-22,38090127,170941,37919186
1149,2023-02-23,38111532,171030,37940502
1150,2023-02-24,38130364,171097,37959267
1151,2023-02-25,38135649,171140,37964509
1152,2023-02-26,38139083,171175,37967908
1153,2023-02-27,38163853,171306,37992547
1154,2023-02-28,38186376,171414,38014962
1155,2023-03-01,38202342,171510,38030832
1156,2023-03-02,38211111,171588,38039523
1157,2023-03-03,38218390,171664,38046726
1158,2023-03-04,38220179,171696,38048483
1159,2023-03-05,38221624,171751,38049873
1160,2023-03-06,38231038,171881,38059157
1161,2023-03-07,38240601,171970,38068631
1162,2023-03-08,38248666,172056,38076610
1163,2023-03-09,38255713,172154,38083559
1164,2023-03-10,38262082,172257,38089825
1165,2023-03-11,38263858,172297,38091561
1166,2023-03-12,38265256,172331,38092925
1167,2023-03-13,38274666,172490,38102176
1168,2023-03-14,38283351,172595,38110756
1169,2023-03-15,38290654,172687,38117967
1170,2023-03-16,38296879,172781,38124098
1171,2023-03-17,38302183,172881,38129302
1172,2023-03-18,38303795,172931,38130864
1173,2023-03-19,38305047,172973,38132074
1174,2023-03-20,38313189,173124,38140065
1175,2023-03-21,38320069,173226,38146843
1176,2023-03-22,38325997,173309,38152688
1177,2023-03-23,38330902,173392,38157510
1178,2023-03-24,38335053,173461,38161592
1179,2023-03-25,38336081,173498,38162583
1180,2023-03-26,38336998,173528,38163470
1181,2023-03-27,38342905,173645,38169260
1182,2023-03-28,38347503,173716,38173787
1183,2023-03-29,38351444,173773,38177671
1184,2023-03-30,38354825,173827,38180998
1185,2023-03-31,38357646,173883,38183763
1186,2023-04-01,38358485,173915,38184570
1187,2023-04-02,38359122,173937,38185185
1188,2023-04-03,38363340,174039,38189301
1189,2023-04-04,38366903,174092,38192811
1190,2023-04-05,38369717,174143,38195574
1191,2023-04-06,38372008,174187,38197821
1192,2023-04-07,38372523,174202,38198321
1193,2023-04-08,38373083,174228,38198855
1194,2023-04-09,38373596,174245,38199351
1195,2023-04-10,38374193,174268,38199925
1196,2023-04-11,38378358,174362,38203996
1197,2023-04-12,38381061,174415,38206646
1198,2023-04-13,38383580,174476,38209104
1199,2023-04-14,38385508,174514,38210994
1200,2023-04-15,38386037,174530,38211507
1201,2023-04-16,38386500,174546,38211954
1202,2023-04-17,38389387,174618,38214769
1203,2023-04-18,38391841,174664,38217177
1204,2023-04-19,38393772,174707,38219065
1205,2023-04-20,38395499,174733,38220766
1206,2023-04-21,38396929,174755,38222174
1207,2023-04-22,38397329,174768,38222561
1208,2023-04-23,38397734,174784,38222950
1209,2023-04-24,38400052,174819,38225233
1210,2023-04-25,38401952,174856,38227096
1211,2023-04-26,38403541,174879,38228662
1212,2023-04-27,38404846,174907,38229939
1213,2023-04-28,38406031,174930,38231101
1214,2023-04-29,38406356,174942,38231414
1215,2023-04-30,38406664,174953,38231711
1216,2023-05-01,38407041,174976,38232065
1217,2023-05-02,38409262,175026,38234236
1218,2023-05-03,38410887,175046,38235841
1219,2023-05-04,38412288,175072,38237216
1220,2023-05-05,38413437,175099,38238338
1221,2023-05-06,38413739,175107,38238632
1222,2023-05-07,38413999,175115,38238884
1223,2023-05-08,38415752,175141,38240611
1224,2023-05-09,38417157,175159,38241998
1225,2023-05-10,38418276,175185,38243091
1226,2023-05-11,38419288,175205,38244083
1227,2023-05-12,38420095,175226,38244869
1228,2023-05-13,38420325,175234,38245091
1229,2023-05-14,38420510,175238,38245272
1230,2023-05-15,38421797,175265,38246532
1231,2023-05-16,38422753,175275,38247478
1232,2023-05-17,38423643,175290,38248353
1233,2023-05-18,38423822,175293,38248529
1234,2023-05-19,38424502,175312,38249190
1235,2023-05-20,38424726,175319,38249407
1236,2023-05-21,38424901,175326,38249575
1237,2023-05-22,38426057,175348,38250709
1238,2023-05-23,38426911,175363,38251548
1239,2023-05-24,38427632,175378,38252254
1240,2023-05-25,38428232,175385,38252847
1241,2023-05-26,38428755,175395,38253360
1242,2023-05-27,38428854,175401,38253453
1243,2023-05-28,38428987,175406,38253581
1244,2023-05-29,38429138,175411,38253727
1245,2023-05-30,38429975,175434,38254541
1246,2023-05-31,38430566,175443,38255123
1247,2023-06-01,38431115,175455,38255660
1248,2023-06-02,38431512,175460,38256052
1249,2023-06-03,38431613,175461,38256152
1250,2023-06-04,38431707,175465,38256242
1251,2023-06-05,38432386,175478,38256908
1252,2023-06-06,38432854,175489,38257365
1253,2023-06-07,38433292,175497,38257795
1254,2023-06-08,38433489,175501,38257988
1255,2023-06-09,38433898,175507,38258391
1256,2023-06-10,38433991,175512,38258479
1257,2023-06-11,38434075,175515,38258560
1258,2023-06-12,38434627,175530,38259097
1259,2023-06-13,38435044,175536,38259508
1260,2023-06-14,38435381,175540,38259841
1261,2023-06-15,38435676,175550,38260126
1262,2023-06-16,38435915,175556,38260359
1263,2023-06-17,38435972,175556,38260416
1264,2023-06-18,38436023,175557,38260466
1265,2023-06-19,38436441,175562,38260879
1266,2023-06-20,38436755,175566,38261189
1267,2023-06-21,38437007,175568,38261439
1268,2023-06-22,38437248,175573,38261675
1269,2023-06-23,38437410,175575,38261835
1270,2023-06-24,38437456,175577,38261879
1271,2023-06-25,38437507,175578,38261929
1272,2023-06-26,38437760,175581,38262179
1273,2023-06-27,38437982,175588,38262394
1274,2023-06-28,38438194,175593,38262601
1275,2023-06-29,38438372,175595,38262777
1276,2023-06-30,38438532,175600,38262932
1277,2023-07-01,38438575,175602,38262973
1278,2023-07-02,38438609,175602,38263007
1279,2023-07-03,38438886,175605,38263281
1280,2023-07-04,38439085,175607,38263478
1281,2023-07-05,38439280,175608,38263672
1282,2023-07-06,38439439,175611,38263828
1283,2023-07-07,38439585,175614,38263971
1284,2023-07-08,38439644,175615,38264029
1285,2023-07-09,38439696,175615,38264081
1286,2023-07-10,38439997,175619,38264378
1287,2023-07-11,38440247,175623,38264624
1288,2023-07-12,38440460,175623,38264837
1289,2023-07-13,38440691,175624,38265067
1290,2023-07-14,38440902,175629,38265273
1291,2023-07-15,38440961,175631,38265330
1292,2023-07-16,38441015,175633,38265382
1293,2023-07-17,38441293,175635,38265658
1294,2023-07-18,38441519,175635,38265884
1295,2023-07-19,38441745,175638,38266107
1296,2023-07-20,38441960,175639,38266321
1297,2023-07-21,38442169,175640,38266529
1298,2023-07-22,38442249,175640,38266609
1299,2023-07-23,38442322,175643,38266679
1300,2023-07-24,38442649,175643,38267006
1301,2023-07-25,38442977,175646,38267331
1302,2023-07-26,38443333,175651,38267682
1303,2023-07-27,38443744,175654,38268090
1304,2023-07-28,38444005,175657,38268348
1305,2023-07-29,38444094,175657,38268437
1306,2023-07-30,38444193,175658,38268535
1307,2023-07-31,38444662,175667,38268995
1308,2023-08-01,38445079,175675,38269404
1309,2023-08-02,38445459,175684,38269775
1310,2023-08-03,38445777,175692,38270085
1311,2023-08-04,38446096,175700,38270396
1312,2023-08-05,38446220,175704,38270516
1313,2023-08-06,38446349,175710,38270639
1314,2023-08-07,38446881,175721,38271160
1315,2023-08-08,38447405,175728,38271677
1316,2023-08-09,38447847,175738,38272109
1317,2023-08-10,38448353,175742,38272611
1318,2023-08-11,38448805,175748,38273057
1319,2023-08-12,38449009,175757,38273252
1320,2023-08-13,38449202,175761,38273441
1321,2023-08-14,38450126,175774,38274352
1322,2023-08-15,38450877,175784,38275093
1323,2023-08-16,38451689,175790,38275899
1324,2023-08-17,38452473,175796,38276677
1325,2023-08-18,38453242,175808,38277434
1326,2023-08-19,38453474,175812,38277662
1327,2023-08-20,38453721,175822,38277899
1328,2023-08-21,38454840,175837,38279003
1329,2023-08-22,38455810,175849,38279961
1330,2023-08-23,38456638,175863,38280775
1331,2023-08-24,38457474,175870,38281604
1332,2023-08-25,38458234,175879,38282355
1333,2023-08-26,38458522,175882,38282640
1334,2023-08-27,38458710,175887,38282823
1335,2023-08-28,38459903,175904,38283999
1336,2023-08-29,38460941,175916,38285025
1337,2023-08-30,38461956,175927,38286029
1338,2023-08-31,38462882,175935,38286947
1339,2023-09-01,38463701,175942,38287758
1340,2023-09-02,38463992,175949,38288042
1341,2023-09-03,38464295,175959,38288335
1342,2023-09-04,38465707,175974,38289732
1343,2023-09-05,38467197,175993,38291203
1344,2023-09-06,38468521,176004,38292516
1345,2023-09-07,38469838,176017,38293820
1346,2023-09-08,38471013,176028,38294984
1347,2023-09-09,38471366,176033,38295332
1348,2023-09-10,38471725,176041,38295683
1349,2023-09-11,38473669,176070,38297597
1350,2023-09-12,38475293,176085,38299206
1351,2023-09-13,38476827,176094,38300730
1352,2023-09-14,38478117,176101,38302013
1353,2023-09-15,38479238,176109,38303126
1354,2023-09-16,38479672,176118,38303551
1355,2023-09-17,38479993,176127,38303863
1356,2023-09-18,38481947,176148,38305795
1357,2023-09-19,38483502,176164,38307333
1358,2023-09-20,38485052,176175,38307769
1359,2023-09-21,38486468,176188,38308212
1360,2023-09-22,38487571,176197,38308562
1361,2023-09-23,38487957,176205,38308714
1362,2023-09-24,38488271,176210,38308837
1363,2023-09-25,38490227,176232,38309393
1364,2023-09-26,38491852,176245,38309863
1365,2023-09-27,38493427,176257,38310303
1366,2023-09-28,38494981,176270,38310738
1367,2023-09-29,38496415,176279,38311144
1368,2023-09-30,38496817,176282,38311282
1369,2023-10-01,38497205,176287,38311410
1370,2023-10-02,38499437,176307,38311908
1371,2023-10-03,38499916,176310,38312081
1372,2023-10-04,38502229,176325,38312132
1373,2023-10-05,38504446,176331,38312174
1374,2023-10-06,38506317,176343,38312203
1375,2023-10-07,38506831,176350,38312221
1376,2023-10-08,38507282,176351,38312236
1377,2023-10-09,38510105,176358,38312257
1378,2023-10-10,38512577,176364,38312264
1379,2023-10-11,38514719,176364,38312264
1380,2023-10-12,38516749,176365,38312264
1381,2023-10-13,38518339,176370,38312264
1382,2023-10-14,38518535,176370,38312264
1383,2023-10-15,38518667,176370,38312264
1384,2023-10-16,38520517,176373,38312264
